name,quantity,expiryDate
Paracetamol 500mg,1000,2027-12-31
Amoxicillin 250mg,500,2027-09-15
Ibuprofen 400mg,750,2028-03-30
Aspirin 100mg,600,2027-11-20
Metformin 500mg,900,2028-01-10
Cetirizine 10mg,300,2028-06-30
Loratadine 10mg,250,2028-07-15
Omeprazole 20mg,800,2028-04-01
Pantoprazole 40mg,650,2028-05-20
Azithromycin 250mg,420,2028-08-10
Clindamycin 150mg,380,2028-09-25
Doxycycline 100mg,290,2028-10-12
Simvastatin 20mg,700,2028-11-05
Atorvastatin 10mg,620,2028-12-18
Losartan 50mg,540,2029-01-30
Metoprolol 50mg,460,2029-02-14
Amlodipine 5mg,520,2029-03-08
Furosemide 40mg,330,2029-04-22
Warfarin 5mg,140,2029-05-16
Ranitidine 150mg,260,2028-12-01
Famotidine 20mg,310,2029-06-10
Ciprofloxacin 500mg,220,2028-09-30
Levofloxacin 500mg,180,2029-03-25
Erythromycin 250mg,240,2028-10-18
Metronidazole 500mg,200,2028-11-26
Nitrofurantoin 100mg,350,2029-01-05
Penicillin V 250mg,420,2029-07-22
Azathioprine 50mg,90,2029-08-15
Tacrolimus 1mg,75,2029-09-10
Prednisone 5mg,600,2028-04-18
Dexamethasone 0.5mg,260,2029-05-02
Hydrocortisone 10mg,330,2029-02-28
Thyroxine 50mcg,520,2029-10-01
Insulin 100IU,40,2029-11-12
Albuterol 90mcg,150,2028-08-14
Salbutamol 2mg,280,2028-07-27
Montelukast 10mg,360,2029-12-20
Fluticasone 50mcg,140,2030-01-15
Omeprazole 40mg,500,2029-03-09
Esomeprazole 40mg,420,2029-09-01
Pantoprazole 20mg,610,2030-02-22
Lansoprazole 30mg,390,2029-07-03
Sucralfate 1g,220,2030-03-11
Metoclopramide 10mg,270,2029-04-24
Ondansetron 4mg,310,2029-05-30
Tramadol 50mg,200,2028-06-06
Morphine 10mg,80,2029-08-20
Gabapentin 300mg,250,2030-04-05
Sertraline 50mg,330,2029-06-14
Citalopram 20mg,260,2030-05-19
Amitriptyline 25mg,210,2029-12-02
Risperidone 1mg,95,2030-06-30
Olanzapine 5mg,110,2029-09-19
Clonazepam 0.5mg,70,2029-10-28
Lorazepam 1mg,140,2030-07-07
Bupropion 150mg,180,2030-08-12
Atorvastatin 20mg,240,2030-09-09
Rosuvastatin 10mg,260,2029-11-27
Ezetimibe 10mg,150,2030-10-03
Propranolol 10mg,220,2029-08-08
Spironolactone 25mg,190,2030-11-21
Sildenafil 50mg,120,2030-12-17
Tadalafil 20mg,100,2031-01-25
